申請年度,項次,業者名稱,電廠名稱,施工取得日期,土地面積,裝置容量,縣市,鄉鎮區,地段,地號
108,1,茂盛電業股份有限公司,臺南市台南地區農會怡安果菜市場第二期太陽能電廠,108/04/08,117016.6,2317.2,台南市,安南區,怡中段,327
108,1,茂盛電業股份有限公司,臺南市台南地區農會怡安果菜市場第二期太陽能電廠,108/04/08,117016.6,2317.2,台南市,安南區,怡中段,328
108,1,茂盛電業股份有限公司,臺南市台南地區農會怡安果菜市場第二期太陽能電廠,108/04/08,117016.6,2317.2,台南市,安南區,怡中段,329
108,1,茂盛電業股份有限公司,臺南市台南地區農會怡安果菜市場第二期太陽能電廠,108/04/08,117016.6,2317.2,台南市,安南區,怡中段,330
108,1,茂盛電業股份有限公司,臺南市台南地區農會怡安果菜市場第二期太陽能電廠,108/04/08,117016.6,2317.2,台南市,安南區,怡中段,331
108,1,茂盛電業股份有限公司,臺南市台南地區農會怡安果菜市場第二期太陽能電廠,108/04/08,117016.6,2317.2,台南市,安南區,怡中段,332
108,1,茂盛電業股份有限公司,臺南市台南地區農會怡安果菜市場第二期太陽能電廠,108/04/08,117016.6,2317.2,台南市,安南區,怡中段,333
108,1,茂盛電業股份有限公司,臺南市台南地區農會怡安果菜市場第二期太陽能電廠,108/04/08,117016.6,2317.2,台南市,安南區,怡中段,386
108,2,昱鼎電業股份有限公司,台北自來水長興淨水場太陽光電系統,108/03/15,52802,2136.96,台北市,大安區,辛亥段五小段,34
108,3,中租電力科技股份有限公司,中租電力科技一號電廠,108/05/02,116093,5493.6,高雄市,永安區,烏樹林段,595
108,3,中租電力科技股份有限公司,中租電力科技一號電廠,108/05/02,116093,5493.6,高雄市,永安區,烏樹林段,595-14
108,3,中租電力科技股份有限公司,中租電力科技一號電廠,108/05/02,116093,5493.6,高雄市,永安區,烏樹林段,596-1
108,3,中租電力科技股份有限公司,中租電力科技一號電廠,108/05/02,116093,5493.6,高雄市,永安區,烏樹林段,596-26
108,3,中租電力科技股份有限公司,中租電力科技一號電廠,108/05/02,116093,5493.6,高雄市,永安區,烏樹林段,596-27
108,4,永宙太陽能電力股份有限公司,永宙口湖太陽能發電所一期太陽光電系統發電計畫,108/05/22,78555.75,9553.2,雲林縣,口湖鄉,口湖段,585
108,4,永宙太陽能電力股份有限公司,永宙口湖太陽能發電所一期太陽光電系統發電計畫,108/05/22,78555.75,9553.2,雲林縣,口湖鄉,口湖段,585-1
108,4,永宙太陽能電力股份有限公司,永宙口湖太陽能發電所一期太陽光電系統發電計畫,108/05/22,78555.75,9553.2,雲林縣,口湖鄉,口湖段,586
108,4,永宙太陽能電力股份有限公司,永宙口湖太陽能發電所一期太陽光電系統發電計畫,108/05/22,78555.75,9553.2,雲林縣,口湖鄉,口湖段,586-1
108,4,永宙太陽能電力股份有限公司,永宙口湖太陽能發電所一期太陽光電系統發電計畫,108/05/22,78555.75,9553.2,雲林縣,口湖鄉,口湖段,586-2
108,4,永宙太陽能電力股份有限公司,永宙口湖太陽能發電所一期太陽光電系統發電計畫,108/05/22,78555.75,9553.2,雲林縣,口湖鄉,口湖段,587
108,4,永宙太陽能電力股份有限公司,永宙口湖太陽能發電所一期太陽光電系統發電計畫,108/05/22,78555.75,9553.2,雲林縣,口湖鄉,口湖段,591-3
108,4,永宙太陽能電力股份有限公司,永宙口湖太陽能發電所一期太陽光電系統發電計畫,108/05/22,78555.75,9553.2,雲林縣,口湖鄉,口湖段,591-15
108,4,永宙太陽能電力股份有限公司,永宙口湖太陽能發電所一期太陽光電系統發電計畫,108/05/22,78555.75,9553.2,雲林縣,口湖鄉,口湖段,626-4
108,4,永宙太陽能電力股份有限公司,永宙口湖太陽能發電所一期太陽光電系統發電計畫,108/05/22,78555.75,9553.2,雲林縣,口湖鄉,口湖段,630-2
108,4,永宙太陽能電力股份有限公司,永宙口湖太陽能發電所一期太陽光電系統發電計畫,108/05/22,78555.75,9553.2,雲林縣,口湖鄉,口湖段,645
108,4,永宙太陽能電力股份有限公司,永宙口湖太陽能發電所一期太陽光電系統發電計畫,108/05/22,78555.75,9553.2,雲林縣,口湖鄉,口湖段,645-4
108,4,永宙太陽能電力股份有限公司,永宙口湖太陽能發電所一期太陽光電系統發電計畫,108/05/22,78555.75,9553.2,雲林縣,口湖鄉,口湖段,645-1
108,4,永宙太陽能電力股份有限公司,永宙口湖太陽能發電所一期太陽光電系統發電計畫,108/05/22,78555.75,9553.2,雲林縣,口湖鄉,口湖段,647-3
108,4,永宙太陽能電力股份有限公司,永宙口湖太陽能發電所一期太陽光電系統發電計畫,108/05/22,78555.75,9553.2,雲林縣,口湖鄉,口湖段,647-4
108,4,永宙太陽能電力股份有限公司,永宙口湖太陽能發電所一期太陽光電系統發電計畫,108/05/22,78555.75,9553.2,雲林縣,口湖鄉,口湖段,682
108,4,永宙太陽能電力股份有限公司,永宙口湖太陽能發電所一期太陽光電系統發電計畫,108/05/22,78555.75,9553.2,雲林縣,口湖鄉,口湖段,624-8
108,4,永宙太陽能電力股份有限公司,永宙口湖太陽能發電所一期太陽光電系統發電計畫,108/05/22,78555.75,9553.2,雲林縣,口湖鄉,口湖段,628
108,4,永宙太陽能電力股份有限公司,永宙口湖太陽能發電所一期太陽光電系統發電計畫,108/05/22,78555.75,9553.2,雲林縣,口湖鄉,口湖段,628-3
108,4,永宙太陽能電力股份有限公司,永宙口湖太陽能發電所一期太陽光電系統發電計畫,108/05/22,78555.75,9553.2,雲林縣,口湖鄉,口湖段,628-4
108,4,永宙太陽能電力股份有限公司,永宙口湖太陽能發電所一期太陽光電系統發電計畫,108/05/22,78555.75,9553.2,雲林縣,口湖鄉,口湖段,629
108,4,永宙太陽能電力股份有限公司,永宙口湖太陽能發電所一期太陽光電系統發電計畫,108/05/22,78555.75,9553.2,雲林縣,口湖鄉,口湖段,629-1
108,4,永宙太陽能電力股份有限公司,永宙口湖太陽能發電所一期太陽光電系統發電計畫,108/05/22,78555.75,9553.2,雲林縣,口湖鄉,口湖段,629-2
108,4,永宙太陽能電力股份有限公司,永宙口湖太陽能發電所一期太陽光電系統發電計畫,108/05/22,78555.75,9553.2,雲林縣,口湖鄉,口湖段,630-8
108,4,永宙太陽能電力股份有限公司,永宙口湖太陽能發電所一期太陽光電系統發電計畫,108/05/22,78555.75,9553.2,雲林縣,口湖鄉,口湖段,631
108,4,永宙太陽能電力股份有限公司,永宙口湖太陽能發電所一期太陽光電系統發電計畫,108/05/22,78555.75,9553.2,雲林縣,口湖鄉,口湖段,631-1
108,4,永宙太陽能電力股份有限公司,永宙口湖太陽能發電所一期太陽光電系統發電計畫,108/05/22,78555.75,9553.2,雲林縣,口湖鄉,口湖段,631-2
108,4,永宙太陽能電力股份有限公司,永宙口湖太陽能發電所一期太陽光電系統發電計畫,108/05/22,78555.75,9553.2,雲林縣,口湖鄉,口湖段,631-3
108,4,永宙太陽能電力股份有限公司,永宙口湖太陽能發電所一期太陽光電系統發電計畫,108/05/22,78555.75,9553.2,雲林縣,口湖鄉,口湖段,631-4
108,4,永宙太陽能電力股份有限公司,永宙口湖太陽能發電所一期太陽光電系統發電計畫,108/05/22,78555.75,9553.2,雲林縣,口湖鄉,口湖段,644
108,5,台灣電力股份有限公司,太陽光電(PV)第二期計畫南投大彎太陽光電新建工程,108/06/12,15983,999.6,南投縣,水里鄉,社子段,1-21
108,5,台灣電力股份有限公司,太陽光電(PV)第二期計畫南投大彎太陽光電新建工程,108/06/12,15983,999.6,南投縣,水里鄉,社子段,1-22
108,5,台灣電力股份有限公司,太陽光電(PV)第二期計畫南投大彎太陽光電新建工程,108/06/12,15983,999.6,南投縣,水里鄉,社子段,1-23
108,5,台灣電力股份有限公司,太陽光電(PV)第二期計畫南投大彎太陽光電新建工程,108/06/12,15983,999.6,南投縣,水里鄉,社子段,1-43
108,5,台灣電力股份有限公司,太陽光電(PV)第二期計畫南投大彎太陽光電新建工程,108/06/12,15983,999.6,南投縣,水里鄉,社子段,1-44
108,5,台灣電力股份有限公司,太陽光電(PV)第二期計畫南投大彎太陽光電新建工程,108/06/12,15983,999.6,南投縣,水里鄉,社子段,1-45
108,5,台灣電力股份有限公司,太陽光電(PV)第二期計畫南投大彎太陽光電新建工程,108/06/12,15983,999.6,南投縣,水里鄉,社子段,1-46
108,5,台灣電力股份有限公司,太陽光電(PV)第二期計畫南投大彎太陽光電新建工程,108/06/12,15983,999.6,南投縣,水里鄉,社子段,1-89
108,5,台灣電力股份有限公司,太陽光電(PV)第二期計畫南投大彎太陽光電新建工程,108/06/12,15983,999.6,南投縣,水里鄉,社子段,1-91
108,5,台灣電力股份有限公司,太陽光電(PV)第二期計畫南投大彎太陽光電新建工程,108/06/12,15983,999.6,南投縣,水里鄉,社子段,1-92
108,5,台灣電力股份有限公司,太陽光電(PV)第二期計畫南投大彎太陽光電新建工程,108/06/12,15983,999.6,南投縣,水里鄉,社子段,1-93
108,5,台灣電力股份有限公司,太陽光電(PV)第二期計畫南投大彎太陽光電新建工程,108/06/12,15983,999.6,南投縣,水里鄉,社子段,1-198
108,6,華洋電業開發股份有限公司,華洋電業屋頂型第一期_力麗企業廠房屋頂太陽光電發電廠,108/04/08,77926,2499,彰化縣,芳苑鄉,裕津段,19
108,6,華洋電業開發股份有限公司,華洋電業屋頂型第一期_力麗企業廠房屋頂太陽光電發電廠,108/04/08,77926,2499,彰化縣,芳苑鄉,裕津段,20
108,6,華洋電業開發股份有限公司,華洋電業屋頂型第一期_力麗企業廠房屋頂太陽光電發電廠,108/04/08,77926,2499,彰化縣,芳苑鄉,裕津段,21
108,6,華洋電業開發股份有限公司,華洋電業屋頂型第一期_力麗企業廠房屋頂太陽光電發電廠,108/04/08,77926,2499,彰化縣,芳苑鄉,裕津段,22
108,6,華洋電業開發股份有限公司,華洋電業屋頂型第一期_力麗企業廠房屋頂太陽光電發電廠,108/04/08,77926,2499,彰化縣,芳苑鄉,裕津段,23
108,6,華洋電業開發股份有限公司,華洋電業屋頂型第一期_力麗企業廠房屋頂太陽光電發電廠,108/04/08,77926,2499,彰化縣,芳苑鄉,裕津段,24
108,6,華洋電業開發股份有限公司,華洋電業屋頂型第一期_力麗企業廠房屋頂太陽光電發電廠,108/04/08,77926,2499,彰化縣,芳苑鄉,裕津段,33
108,6,華洋電業開發股份有限公司,華洋電業屋頂型第一期_力麗企業廠房屋頂太陽光電發電廠,108/04/08,77926,2499,彰化縣,芳苑鄉,裕津段,34
108,6,華洋電業開發股份有限公司,華洋電業屋頂型第一期_力麗企業廠房屋頂太陽光電發電廠,108/04/08,77926,2499,彰化縣,芳苑鄉,裕津段,35
108,6,華洋電業開發股份有限公司,華洋電業屋頂型第一期_力麗企業廠房屋頂太陽光電發電廠,108/04/08,77926,2499,彰化縣,芳苑鄉,裕津段,36
108,6,華洋電業開發股份有限公司,華洋電業屋頂型第一期_力麗企業廠房屋頂太陽光電發電廠,108/04/08,77926,2499,彰化縣,芳苑鄉,裕津段,39
108,6,華洋電業開發股份有限公司,華洋電業屋頂型第一期_力麗企業廠房屋頂太陽光電發電廠,108/04/08,77926,2499,彰化縣,芳苑鄉,裕津段,40
108,6,華洋電業開發股份有限公司,華洋電業屋頂型第一期_力麗企業廠房屋頂太陽光電發電廠,108/04/08,77926,2499,彰化縣,芳苑鄉,裕津段,41
108,6,華洋電業開發股份有限公司,華洋電業屋頂型第一期_力麗企業廠房屋頂太陽光電發電廠,108/04/08,77926,2499,彰化縣,芳苑鄉,裕津段,42
108,6,華洋電業開發股份有限公司,華洋電業屋頂型第一期_力麗企業廠房屋頂太陽光電發電廠,108/04/08,77926,2499,彰化縣,芳苑鄉,裕津段,43
108,6,華洋電業開發股份有限公司,華洋電業屋頂型第一期_力麗企業廠房屋頂太陽光電發電廠,108/04/08,77926,2499,彰化縣,芳苑鄉,裕津段,44
108,7,東徽電力股份有限公司,東徽電力嘉義大埔美屋頂型太陽光電發電廠,108/10/16,141919.67,6500.16,嘉義縣,大林鎮,大功一段,67
108,8,兆洋股份有限公司,兆洋台船太陽能發電廠,108/05/31,927749,15730.95,高雄市,小港區,大人宮段一小段,806
108,8,兆洋股份有限公司,兆洋台船太陽能發電廠,108/05/31,927749,15730.95,高雄市,小港區,大人宮段二小段,1041
108,8,兆洋股份有限公司,兆洋台船太陽能發電廠,108/05/31,927749,15730.95,高雄市,小港區,大人宮段二小段,1042
108,8,兆洋股份有限公司,兆洋台船太陽能發電廠,108/05/31,927749,15730.95,高雄市,小港區,大人宮段二小段,1043
108,9,光合能源股份有限公司,新塭南、北側滯洪池水域型太陽光電發電業,108/05/31,620081.46,35513.28,嘉義縣,布袋鎮,新南段,8-1
108,9,光合能源股份有限公司,新塭南、北側滯洪池水域型太陽光電發電業,108/05/31,620081.46,35513.28,嘉義縣,布袋鎮,新南段,9
108,9,光合能源股份有限公司,新塭南、北側滯洪池水域型太陽光電發電業,108/05/31,620081.46,35513.28,嘉義縣,布袋鎮,新南段,11
108,9,光合能源股份有限公司,新塭南、北側滯洪池水域型太陽光電發電業,108/05/31,620081.46,35513.28,嘉義縣,布袋鎮,新南段,19-1
108,9,光合能源股份有限公司,新塭南、北側滯洪池水域型太陽光電發電業,108/05/31,620081.46,35513.28,嘉義縣,布袋鎮,新南段,35-1
108,9,光合能源股份有限公司,新塭南、北側滯洪池水域型太陽光電發電業,108/05/31,620081.46,35513.28,嘉義縣,布袋鎮,新南段,36-1
108,9,光合能源股份有限公司,新塭南、北側滯洪池水域型太陽光電發電業,108/05/31,620081.46,35513.28,嘉義縣,布袋鎮,新南段,37-1
108,9,光合能源股份有限公司,新塭南、北側滯洪池水域型太陽光電發電業,108/05/31,620081.46,35513.28,嘉義縣,布袋鎮,新南段,39-1
108,9,光合能源股份有限公司,新塭南、北側滯洪池水域型太陽光電發電業,108/05/31,620081.46,35513.28,嘉義縣,布袋鎮,新南段,40-1
108,9,光合能源股份有限公司,新塭南、北側滯洪池水域型太陽光電發電業,108/05/31,620081.46,35513.28,嘉義縣,布袋鎮,新南段,42-1
108,9,光合能源股份有限公司,新塭南、北側滯洪池水域型太陽光電發電業,108/05/31,620081.46,35513.28,嘉義縣,布袋鎮,新南段,43-1
108,9,光合能源股份有限公司,新塭南、北側滯洪池水域型太陽光電發電業,108/05/31,620081.46,35513.28,嘉義縣,布袋鎮,新南段,44-1
108,9,光合能源股份有限公司,新塭南、北側滯洪池水域型太陽光電發電業,108/05/31,620081.46,35513.28,嘉義縣,布袋鎮,新南段,48
108,9,光合能源股份有限公司,新塭南、北側滯洪池水域型太陽光電發電業,108/05/31,620081.46,35513.28,嘉義縣,布袋鎮,新南段,49
108,9,光合能源股份有限公司,新塭南、北側滯洪池水域型太陽光電發電業,108/05/31,620081.46,35513.28,嘉義縣,布袋鎮,新南段,50
108,9,光合能源股份有限公司,新塭南、北側滯洪池水域型太陽光電發電業,108/05/31,620081.46,35513.28,嘉義縣,布袋鎮,新南段,51-1
108,9,光合能源股份有限公司,新塭南、北側滯洪池水域型太陽光電發電業,108/05/31,620081.46,35513.28,嘉義縣,布袋鎮,新南段,54-1
108,9,光合能源股份有限公司,新塭南、北側滯洪池水域型太陽光電發電業,108/05/31,620081.46,35513.28,嘉義縣,布袋鎮,新南段,56
108,9,光合能源股份有限公司,新塭南、北側滯洪池水域型太陽光電發電業,108/05/31,620081.46,35513.28,嘉義縣,布袋鎮,新南段,57-1
108,9,光合能源股份有限公司,新塭南、北側滯洪池水域型太陽光電發電業,108/05/31,620081.46,35513.28,嘉義縣,布袋鎮,新南段,58
108,9,光合能源股份有限公司,新塭南、北側滯洪池水域型太陽光電發電業,108/05/31,620081.46,35513.28,嘉義縣,布袋鎮,新南段,60
108,9,光合能源股份有限公司,新塭南、北側滯洪池水域型太陽光電發電業,108/05/31,620081.46,35513.28,嘉義縣,布袋鎮,新南段,61
108,9,光合能源股份有限公司,新塭南、北側滯洪池水域型太陽光電發電業,108/05/31,620081.46,35513.28,嘉義縣,布袋鎮,新南段,62-1
108,9,光合能源股份有限公司,新塭南、北側滯洪池水域型太陽光電發電業,108/05/31,620081.46,35513.28,嘉義縣,布袋鎮,新南段,63-1
108,9,光合能源股份有限公司,新塭南、北側滯洪池水域型太陽光電發電業,108/05/31,620081.46,35513.28,嘉義縣,布袋鎮,新南段,64
108,9,光合能源股份有限公司,新塭南、北側滯洪池水域型太陽光電發電業,108/05/31,620081.46,35513.28,嘉義縣,布袋鎮,新南段,66
108,9,光合能源股份有限公司,新塭南、北側滯洪池水域型太陽光電發電業,108/05/31,620081.46,35513.28,嘉義縣,布袋鎮,新南段,68
108,9,光合能源股份有限公司,新塭南、北側滯洪池水域型太陽光電發電業,108/05/31,620081.46,35513.28,嘉義縣,布袋鎮,新南段,71
108,9,光合能源股份有限公司,新塭南、北側滯洪池水域型太陽光電發電業,108/05/31,620081.46,35513.28,嘉義縣,布袋鎮,嘉塭段,118-1
108,9,光合能源股份有限公司,新塭南、北側滯洪池水域型太陽光電發電業,108/05/31,620081.46,35513.28,嘉義縣,布袋鎮,嘉塭段,119-1
108,9,光合能源股份有限公司,新塭南、北側滯洪池水域型太陽光電發電業,108/05/31,620081.46,35513.28,嘉義縣,布袋鎮,嘉塭段,189-1
108,9,光合能源股份有限公司,新塭南、北側滯洪池水域型太陽光電發電業,108/05/31,620081.46,35513.28,嘉義縣,布袋鎮,嘉塭段,190-1
108,9,光合能源股份有限公司,新塭南、北側滯洪池水域型太陽光電發電業,108/05/31,620081.46,35513.28,嘉義縣,布袋鎮,嘉塭段,193-1
108,9,光合能源股份有限公司,新塭南、北側滯洪池水域型太陽光電發電業,108/05/31,620081.46,35513.28,嘉義縣,布袋鎮,嘉塭段,194-1
108,9,光合能源股份有限公司,新塭南、北側滯洪池水域型太陽光電發電業,108/05/31,620081.46,35513.28,嘉義縣,布袋鎮,嘉塭段,199
108,9,光合能源股份有限公司,新塭南、北側滯洪池水域型太陽光電發電業,108/05/31,620081.46,35513.28,嘉義縣,布袋鎮,嘉塭段,200
108,9,光合能源股份有限公司,新塭南、北側滯洪池水域型太陽光電發電業,108/05/31,620081.46,35513.28,嘉義縣,布袋鎮,嘉塭段,201
108,9,光合能源股份有限公司,新塭南、北側滯洪池水域型太陽光電發電業,108/05/31,620081.46,35513.28,嘉義縣,布袋鎮,嘉塭段,202
108,9,光合能源股份有限公司,新塭南、北側滯洪池水域型太陽光電發電業,108/05/31,620081.46,35513.28,嘉義縣,布袋鎮,嘉塭段,203
108,9,光合能源股份有限公司,新塭南、北側滯洪池水域型太陽光電發電業,108/05/31,620081.46,35513.28,嘉義縣,布袋鎮,嘉塭段,204
108,9,光合能源股份有限公司,新塭南、北側滯洪池水域型太陽光電發電業,108/05/31,620081.46,35513.28,嘉義縣,布袋鎮,嘉塭段,205
108,9,光合能源股份有限公司,新塭南、北側滯洪池水域型太陽光電發電業,108/05/31,620081.46,35513.28,嘉義縣,布袋鎮,嘉塭段,207
108,9,光合能源股份有限公司,新塭南、北側滯洪池水域型太陽光電發電業,108/05/31,620081.46,35513.28,嘉義縣,布袋鎮,嘉塭段,208
108,9,光合能源股份有限公司,新塭南、北側滯洪池水域型太陽光電發電業,108/05/31,620081.46,35513.28,嘉義縣,布袋鎮,嘉塭段,209
108,9,光合能源股份有限公司,新塭南、北側滯洪池水域型太陽光電發電業,108/05/31,620081.46,35513.28,嘉義縣,布袋鎮,嘉塭段,210
108,10,首美電一股份有限公司,首美大東太陽光電發電系統工程,108/06/20,56811.3,1064.45,桃園市,中壢區,廣青段,778
108,10,首美電一股份有限公司,首美大東太陽光電發電系統工程,108/06/20,56811.3,1064.45,桃園市,中壢區,廣青段,779
108,10,首美電一股份有限公司,首美大東太陽光電發電系統工程,108/06/20,56811.3,1064.45,桃園市,中壢區,廣青段,785
108,10,首美電一股份有限公司,首美大東太陽光電發電系統工程,108/06/20,56811.3,1064.45,桃園市,中壢區,廣青段,786
108,10,首美電一股份有限公司,首美大東太陽光電發電系統工程,108/06/20,56811.3,1064.45,桃園市,中壢區,廣青段,787
108,10,首美電一股份有限公司,首美大東太陽光電發電系統工程,108/06/20,56811.3,1064.45,桃園市,中壢區,廣青段,790
108,10,首美電一股份有限公司,首美大東太陽光電發電系統工程,108/06/20,56811.3,1064.45,桃園市,中壢區,廣青段,791
108,10,首美電一股份有限公司,首美大東太陽光電發電系統工程,108/06/20,56811.3,1064.45,桃園市,中壢區,廣青段,792
108,10,首美電一股份有限公司,首美大東太陽光電發電系統工程,108/06/20,56811.3,1064.45,桃園市,中壢區,廣青段,793
108,10,首美電一股份有限公司,首美大東太陽光電發電系統工程,108/06/20,56811.3,1064.45,桃園市,中壢區,廣青段,795
108,10,首美電一股份有限公司,首美大東太陽光電發電系統工程,108/06/20,56811.3,1064.45,桃園市,中壢區,廣青段,796
108,11,台灣電力股份有限公司,馬祖珠山發電廠建物太陽光電新建工程,108/10/21,47610.91,36.6,連江縣,南竿鄉,清水段,1363
108,11,台灣電力股份有限公司,馬祖珠山發電廠建物太陽光電新建工程,108/10/21,47610.91,36.6,連江縣,南竿鄉,清水段,1058
108,11,台灣電力股份有限公司,馬祖珠山發電廠建物太陽光電新建工程,108/10/21,47610.91,36.6,連江縣,南竿鄉,清水段,483
108,12,台灣電力股份有限公司,澎湖尖山電廠廠區建物太陽光電新建工程,108/09/12,118028.43,745.2,澎湖縣,湖西鄉,尖山南段,1072
108,13,台灣電力股份有限公司,金門塔山發電廠建物太陽光電新建工程,108/08/07,6305,216,金門縣,金城鎮,水頭段,22-21
108,13,台灣電力股份有限公司,金門塔山發電廠建物太陽光電新建工程,108/08/07,6305,216,金門縣,金城鎮,水頭段,22-3
108,13,台灣電力股份有限公司,金門塔山發電廠建物太陽光電新建工程,108/08/07,6305,216,金門縣,金城鎮,水頭段,22-22
108,14,台灣電力股份有限公司,金門鵲山變電所太陽光電新建工程,108/08/07,4000,49.7,金門縣,金湖鎮,士校段,831
108,14,台灣電力股份有限公司,金門鵲山變電所太陽光電新建工程,108/08/07,4000,49.7,金門縣,金湖鎮,士校段,831-1
108,15,台灣電力股份有限公司,太陽光電(PV)第二期計畫台中電廠A 生水池及廠區建物太陽光電新建工程,108/08/14,9750,900.24,台中市,龍井區,福麗段,874
108,16,永宙太陽能電力股份有限公司,永宙 1-2 期口湖段太陽光電系統發電計畫,108/10/24,13877.06,1333.8,雲林縣,口湖鄉,口湖段,618-2
108,16,永宙太陽能電力股份有限公司,永宙 1-2 期口湖段太陽光電系統發電計畫,108/10/24,13877.06,1333.8,雲林縣,口湖鄉,口湖段,618
108,16,永宙太陽能電力股份有限公司,永宙 1-2 期口湖段太陽光電系統發電計畫,108/10/24,13877.06,1333.8,雲林縣,口湖鄉,口湖段,622-3
108,16,永宙太陽能電力股份有限公司,永宙 1-2 期口湖段太陽光電系統發電計畫,108/10/24,13877.06,1333.8,雲林縣,口湖鄉,口湖段,652-1
108,16,永宙太陽能電力股份有限公司,永宙 1-2 期口湖段太陽光電系統發電計畫,108/10/24,13877.06,1333.8,雲林縣,口湖鄉,口湖段,624-4
108,16,永宙太陽能電力股份有限公司,永宙 1-2 期口湖段太陽光電系統發電計畫,108/10/24,13877.06,1333.8,雲林縣,口湖鄉,口湖段,634
108,17,永宙太陽能電力股份有限公司,永宙一期口湖段太陽光電系統發電計畫(第二階段),108/10/02,110319.24,13132.8,雲林縣,口湖鄉,口湖段,594
108,17,永宙太陽能電力股份有限公司,永宙一期口湖段太陽光電系統發電計畫(第二階段),108/10/02,110319.24,13132.8,雲林縣,口湖鄉,口湖段,594-3
108,17,永宙太陽能電力股份有限公司,永宙一期口湖段太陽光電系統發電計畫(第二階段),108/10/02,110319.24,13132.8,雲林縣,口湖鄉,口湖段,594-2
108,17,永宙太陽能電力股份有限公司,永宙一期口湖段太陽光電系統發電計畫(第二階段),108/10/02,110319.24,13132.8,雲林縣,口湖鄉,口湖段,616-25
108,17,永宙太陽能電力股份有限公司,永宙一期口湖段太陽光電系統發電計畫(第二階段),108/10/02,110319.24,13132.8,雲林縣,口湖鄉,口湖段,616-43
108,17,永宙太陽能電力股份有限公司,永宙一期口湖段太陽光電系統發電計畫(第二階段),108/10/02,110319.24,13132.8,雲林縣,口湖鄉,口湖段,616-44
108,17,永宙太陽能電力股份有限公司,永宙一期口湖段太陽光電系統發電計畫(第二階段),108/10/02,110319.24,13132.8,雲林縣,口湖鄉,口湖段,616-45
108,17,永宙太陽能電力股份有限公司,永宙一期口湖段太陽光電系統發電計畫(第二階段),108/10/02,110319.24,13132.8,雲林縣,口湖鄉,口湖段,616-47
108,17,永宙太陽能電力股份有限公司,永宙一期口湖段太陽光電系統發電計畫(第二階段),108/10/02,110319.24,13132.8,雲林縣,口湖鄉,口湖段,616-49
108,17,永宙太陽能電力股份有限公司,永宙一期口湖段太陽光電系統發電計畫(第二階段),108/10/02,110319.24,13132.8,雲林縣,口湖鄉,口湖段,617
108,17,永宙太陽能電力股份有限公司,永宙一期口湖段太陽光電系統發電計畫(第二階段),108/10/02,110319.24,13132.8,雲林縣,口湖鄉,口湖段,617-3
108,17,永宙太陽能電力股份有限公司,永宙一期口湖段太陽光電系統發電計畫(第二階段),108/10/02,110319.24,13132.8,雲林縣,口湖鄉,口湖段,619-2
108,17,永宙太陽能電力股份有限公司,永宙一期口湖段太陽光電系統發電計畫(第二階段),108/10/02,110319.24,13132.8,雲林縣,口湖鄉,口湖段,619-4
108,17,永宙太陽能電力股份有限公司,永宙一期口湖段太陽光電系統發電計畫(第二階段),108/10/02,110319.24,13132.8,雲林縣,口湖鄉,口湖段,619-5
108,17,永宙太陽能電力股份有限公司,永宙一期口湖段太陽光電系統發電計畫(第二階段),108/10/02,110319.24,13132.8,雲林縣,口湖鄉,口湖段,619-6
108,17,永宙太陽能電力股份有限公司,永宙一期口湖段太陽光電系統發電計畫(第二階段),108/10/02,110319.24,13132.8,雲林縣,口湖鄉,口湖段,620
108,17,永宙太陽能電力股份有限公司,永宙一期口湖段太陽光電系統發電計畫(第二階段),108/10/02,110319.24,13132.8,雲林縣,口湖鄉,口湖段,621-2
108,17,永宙太陽能電力股份有限公司,永宙一期口湖段太陽光電系統發電計畫(第二階段),108/10/02,110319.24,13132.8,雲林縣,口湖鄉,口湖段,621-3
108,17,永宙太陽能電力股份有限公司,永宙一期口湖段太陽光電系統發電計畫(第二階段),108/10/02,110319.24,13132.8,雲林縣,口湖鄉,口湖段,621-6
108,17,永宙太陽能電力股份有限公司,永宙一期口湖段太陽光電系統發電計畫(第二階段),108/10/02,110319.24,13132.8,雲林縣,口湖鄉,口湖段,621-7
108,17,永宙太陽能電力股份有限公司,永宙一期口湖段太陽光電系統發電計畫(第二階段),108/10/02,110319.24,13132.8,雲林縣,口湖鄉,口湖段,621-8
108,17,永宙太陽能電力股份有限公司,永宙一期口湖段太陽光電系統發電計畫(第二階段),108/10/02,110319.24,13132.8,雲林縣,口湖鄉,口湖段,621-9
108,17,永宙太陽能電力股份有限公司,永宙一期口湖段太陽光電系統發電計畫(第二階段),108/10/02,110319.24,13132.8,雲林縣,口湖鄉,口湖段,622
108,17,永宙太陽能電力股份有限公司,永宙一期口湖段太陽光電系統發電計畫(第二階段),108/10/02,110319.24,13132.8,雲林縣,口湖鄉,口湖段,622-2
108,17,永宙太陽能電力股份有限公司,永宙一期口湖段太陽光電系統發電計畫(第二階段),108/10/02,110319.24,13132.8,雲林縣,口湖鄉,口湖段,623-4
108,17,永宙太陽能電力股份有限公司,永宙一期口湖段太陽光電系統發電計畫(第二階段),108/10/02,110319.24,13132.8,雲林縣,口湖鄉,口湖段,624-3
108,17,永宙太陽能電力股份有限公司,永宙一期口湖段太陽光電系統發電計畫(第二階段),108/10/02,110319.24,13132.8,雲林縣,口湖鄉,口湖段,645-3
108,17,永宙太陽能電力股份有限公司,永宙一期口湖段太陽光電系統發電計畫(第二階段),108/10/02,110319.24,13132.8,雲林縣,口湖鄉,口湖段,651-4
108,17,永宙太陽能電力股份有限公司,永宙一期口湖段太陽光電系統發電計畫(第二階段),108/10/02,110319.24,13132.8,雲林縣,口湖鄉,口湖段,652
108,17,永宙太陽能電力股份有限公司,永宙一期口湖段太陽光電系統發電計畫(第二階段),108/10/02,110319.24,13132.8,雲林縣,口湖鄉,口湖段,653
108,17,永宙太陽能電力股份有限公司,永宙一期口湖段太陽光電系統發電計畫(第二階段),108/10/02,110319.24,13132.8,雲林縣,口湖鄉,口湖段,679-2
108,17,永宙太陽能電力股份有限公司,永宙一期口湖段太陽光電系統發電計畫(第二階段),108/10/02,110319.24,13132.8,雲林縣,口湖鄉,口湖段,679-4
108,17,永宙太陽能電力股份有限公司,永宙一期口湖段太陽光電系統發電計畫(第二階段),108/10/02,110319.24,13132.8,雲林縣,口湖鄉,口湖段,681-5
108,17,永宙太陽能電力股份有限公司,永宙一期口湖段太陽光電系統發電計畫(第二階段),108/10/02,110319.24,13132.8,雲林縣,口湖鄉,口湖段,597
108,17,永宙太陽能電力股份有限公司,永宙一期口湖段太陽光電系統發電計畫(第二階段),108/10/02,110319.24,13132.8,雲林縣,口湖鄉,口湖段,591-10
108,17,永宙太陽能電力股份有限公司,永宙一期口湖段太陽光電系統發電計畫(第二階段),108/10/02,110319.24,13132.8,雲林縣,口湖鄉,口湖段,591-11
108,17,永宙太陽能電力股份有限公司,永宙一期口湖段太陽光電系統發電計畫(第二階段),108/10/02,110319.24,13132.8,雲林縣,口湖鄉,口湖段,597-1
108,17,永宙太陽能電力股份有限公司,永宙一期口湖段太陽光電系統發電計畫(第二階段),108/10/02,110319.24,13132.8,雲林縣,口湖鄉,口湖段,597-2
108,17,永宙太陽能電力股份有限公司,永宙一期口湖段太陽光電系統發電計畫(第二階段),108/10/02,110319.24,13132.8,雲林縣,口湖鄉,口湖段,591-16
108,18,永宙太陽能電力股份有限公司,永宙 1-3 期口湖段太陽光電發電廠發電計畫,108/10/24,41327,5107.2,雲林縣,口湖鄉,口湖段,625-2
108,18,永宙太陽能電力股份有限公司,永宙 1-3 期口湖段太陽光電發電廠發電計畫,108/10/24,41327,5107.2,雲林縣,口湖鄉,口湖段,630-6
108,18,永宙太陽能電力股份有限公司,永宙 1-3 期口湖段太陽光電發電廠發電計畫,108/10/24,41327,5107.2,雲林縣,口湖鄉,口湖段,637
108,18,永宙太陽能電力股份有限公司,永宙 1-3 期口湖段太陽光電發電廠發電計畫,108/10/24,41327,5107.2,雲林縣,口湖鄉,口湖段,639
108,18,永宙太陽能電力股份有限公司,永宙 1-3 期口湖段太陽光電發電廠發電計畫,108/10/24,41327,5107.2,雲林縣,口湖鄉,口湖段,651-2
108,18,永宙太陽能電力股份有限公司,永宙 1-3 期口湖段太陽光電發電廠發電計畫,108/10/24,41327,5107.2,雲林縣,口湖鄉,口湖段,651-5
108,18,永宙太陽能電力股份有限公司,永宙 1-3 期口湖段太陽光電發電廠發電計畫,108/10/24,41327,5107.2,雲林縣,口湖鄉,口湖段,651-6
108,18,永宙太陽能電力股份有限公司,永宙 1-3 期口湖段太陽光電發電廠發電計畫,108/10/24,41327,5107.2,雲林縣,口湖鄉,口湖段,616-48
108,18,永宙太陽能電力股份有限公司,永宙 1-3 期口湖段太陽光電發電廠發電計畫,108/10/24,41327,5107.2,雲林縣,口湖鄉,口湖段,619
108,18,永宙太陽能電力股份有限公司,永宙 1-3 期口湖段太陽光電發電廠發電計畫,108/10/24,41327,5107.2,雲林縣,口湖鄉,口湖段,619-7
108,18,永宙太陽能電力股份有限公司,永宙 1-3 期口湖段太陽光電發電廠發電計畫,108/10/24,41327,5107.2,雲林縣,口湖鄉,口湖段,619-8
108,18,永宙太陽能電力股份有限公司,永宙 1-3 期口湖段太陽光電發電廠發電計畫,108/10/24,41327,5107.2,雲林縣,口湖鄉,口湖段,619-9
108,19,台灣電力股份有限公司,高雄變電所停車場太陽光電新建工程,108/11/06,26634,327.36,高雄市,三民區,中華段一小段,319
108,19,台灣電力股份有限公司,高雄變電所停車場太陽光電新建工程,108/11/06,26634,327.36,高雄市,三民區,中華段一小段,325
108,19,台灣電力股份有限公司,高雄變電所停車場太陽光電新建工程,108/11/06,26634,327.36,高雄市,三民區,中華段一小段,326
108,19,台灣電力股份有限公司,高雄變電所停車場太陽光電新建工程,108/11/06,26634,327.36,高雄市,三民區,中華段一小段,339
108,19,台灣電力股份有限公司,高雄變電所停車場太陽光電新建工程,108/11/06,26634,327.36,高雄市,三民區,中華段一小段,339-3
108,20,台灣電力股份有限公司,太陽光電(PV)第二期計畫台中發電廠開關場新建工程,108/09/25,389572.23,245.52,台中市,龍井區,福麗段,874
108,21,恆伍能源股份有限公司,恆伍第一期太陽光電發電廠,108/08/19,13672.26,1399.68,屏東縣,長治鄉,繁昌段,67
108,21,恆伍能源股份有限公司,恆伍第一期太陽光電發電廠,108/08/19,13672.26,1399.68,屏東縣,長治鄉,繁昌段,67-1
108,21,恆伍能源股份有限公司,恆伍第一期太陽光電發電廠,108/08/19,13672.26,1399.68,屏東縣,長治鄉,繁昌段,67-2
108,21,恆伍能源股份有限公司,恆伍第一期太陽光電發電廠,108/08/19,13672.26,1399.68,屏東縣,長治鄉,繁昌段,67-3
108,21,恆伍能源股份有限公司,恆伍第一期太陽光電發電廠,108/08/19,13672.26,1399.68,屏東縣,長治鄉,繁昌段,67-4
108,21,恆伍能源股份有限公司,恆伍第一期太陽光電發電廠,108/08/19,13672.26,1399.68,屏東縣,長治鄉,繁昌段,67-5
108,22,恆陸能源股份有限公司,恆陸第一期太陽光電發電廠,108/08/19,10326.7,968.96,屏東縣,長治鄉,繁昌段,621-1
108,22,恆陸能源股份有限公司,恆陸第一期太陽光電發電廠,108/08/19,10326.7,968.96,屏東縣,長治鄉,繁昌段,621-2
108,22,恆陸能源股份有限公司,恆陸第一期太陽光電發電廠,108/08/19,10326.7,968.96,屏東縣,長治鄉,繁昌段,621-3
108,22,恆陸能源股份有限公司,恆陸第一期太陽光電發電廠,108/08/19,10326.7,968.96,屏東縣,長治鄉,繁昌段,621-4
108,22,恆陸能源股份有限公司,恆陸第一期太陽光電發電廠,108/08/19,10326.7,968.96,屏東縣,長治鄉,繁昌段,621-5
108,22,恆陸能源股份有限公司,恆陸第一期太陽光電發電廠,108/08/19,10326.7,968.96,屏東縣,長治鄉,繁昌段,621-6
108,23,台灣電力股份有限公司,太陽光電(PV)第二期計畫台中發電廠廠區停車場棚架太陽光電新建工程,108/09/23,389572.23,195.3,台中市,龍井區,福麗段,874
108,24,昊陽電業股份有限公司,昊陽一號太陽光電發電廠,108/12/04,19999,1940.4,台南市,北門區,溪底寮段三寮灣小段,405
108,24,昊陽電業股份有限公司,昊陽一號太陽光電發電廠,108/12/04,19999,1940.4,台南市,北門區,溪底寮段三寮灣小段,405-1
108,24,昊陽電業股份有限公司,昊陽一號太陽光電發電廠,108/12/04,19999,1940.4,台南市,北門區,溪底寮段三寮灣小段,405
108,24,昊陽電業股份有限公司,昊陽一號太陽光電發電廠,108/12/04,19999,1940.4,台南市,北門區,溪底寮段三寮灣小段,410-1
108,24,昊陽電業股份有限公司,昊陽一號太陽光電發電廠,108/12/04,19999,1940.4,台南市,北門區,溪底寮段三寮灣小段,411
108,24,昊陽電業股份有限公司,昊陽一號太陽光電發電廠,108/12/04,19999,1940.4,台南市,北門區,溪底寮段三寮灣小段,411-1
108,25,映暉能源有限公司,映暉能源第 2-2 期太陽光電發電廠,108/11/11,5701,630,雲林縣,台西鄉,三姓段,879
108,25,映暉能源有限公司,映暉能源第 2-2 期太陽光電發電廠,108/11/11,5701,630,雲林縣,台西鄉,三姓段,926
108,25,映暉能源有限公司,映暉能源第 2-2 期太陽光電發電廠,108/11/11,5701,630,雲林縣,麥寮鄉,新吉段,1081
108,25,映暉能源有限公司,映暉能源第 2-2 期太陽光電發電廠,108/11/11,5701,630,雲林縣,麥寮鄉,新吉段,1088
108,25,映暉能源有限公司,映暉能源第 2-2 期太陽光電發電廠,108/11/11,5701,630,雲林縣,麥寮鄉,新吉段,1089
108,25,映暉能源有限公司,映暉能源第 2-2 期太陽光電發電廠,108/11/11,5701,630,雲林縣,麥寮鄉,新吉段,1089-1
108,25,映暉能源有限公司,映暉能源第 2-2 期太陽光電發電廠,108/11/11,5701,630,雲林縣,麥寮鄉,新吉段,1089-2
108,25,映暉能源有限公司,映暉能源第 2-2 期太陽光電發電廠,108/11/11,5701,630,雲林縣,麥寮鄉,新吉段,1089-3
108,25,映暉能源有限公司,映暉能源第 2-2 期太陽光電發電廠,108/11/11,5701,630,雲林縣,麥寮鄉,新吉段,1089-4
108,25,映暉能源有限公司,映暉能源第 2-2 期太陽光電發電廠,108/11/11,5701,630,雲林縣,麥寮鄉,新吉段,1089-5
108,25,映暉能源有限公司,映暉能源第 2-2 期太陽光電發電廠,108/11/11,5701,630,雲林縣,麥寮鄉,新吉段,1146
108,25,映暉能源有限公司,映暉能源第 2-2 期太陽光電發電廠,108/11/11,5701,630,雲林縣,麥寮鄉,新吉段,1147
108,27,燦宇能源股份有限公司,燦宇 3 期新吉段太陽光電發電廠發電計畫,108/12/12,40078.01,4651.2,雲林縣,麥寮鄉,新吉段,1148
108,27,燦宇能源股份有限公司,燦宇 3 期新吉段太陽光電發電廠發電計畫,108/12/12,40078.01,4651.2,雲林縣,麥寮鄉,新吉段,1149
108,27,燦宇能源股份有限公司,燦宇 3 期新吉段太陽光電發電廠發電計畫,108/12/12,40078.01,4651.2,雲林縣,麥寮鄉,新吉段,1150
108,27,燦宇能源股份有限公司,燦宇 3 期新吉段太陽光電發電廠發電計畫,108/12/12,40078.01,4651.2,雲林縣,麥寮鄉,新吉段,1151
108,27,燦宇能源股份有限公司,燦宇 3 期新吉段太陽光電發電廠發電計畫,108/12/12,40078.01,4651.2,雲林縣,麥寮鄉,新吉段,1152
108,27,燦宇能源股份有限公司,燦宇 3 期新吉段太陽光電發電廠發電計畫,108/12/12,40078.01,4651.2,雲林縣,麥寮鄉,新吉段,1153
108,27,燦宇能源股份有限公司,燦宇 3 期新吉段太陽光電發電廠發電計畫,108/12/12,40078.01,4651.2,雲林縣,麥寮鄉,新吉段,1154
108,27,燦宇能源股份有限公司,燦宇 3 期新吉段太陽光電發電廠發電計畫,108/12/12,40078.01,4651.2,雲林縣,麥寮鄉,新吉段,1155
108,27,燦宇能源股份有限公司,燦宇 3 期新吉段太陽光電發電廠發電計畫,108/12/12,40078.01,4651.2,雲林縣,麥寮鄉,新吉段,1157
108,27,燦宇能源股份有限公司,燦宇 3 期新吉段太陽光電發電廠發電計畫,108/12/12,40078.01,4651.2,雲林縣,麥寮鄉,新吉段,1158
108,27,燦宇能源股份有限公司,燦宇 3 期新吉段太陽光電發電廠發電計畫,108/12/12,40078.01,4651.2,雲林縣,麥寮鄉,新吉段,1159
108,27,燦宇能源股份有限公司,燦宇 3 期新吉段太陽光電發電廠發電計畫,108/12/12,40078.01,4651.2,雲林縣,麥寮鄉,新吉段,1165
108,28,永宙太陽能電力股份有限公司,永宙 1-3 期口湖段太陽光電發電廠發電計畫(第二階段),108/12/11,25643.92,3157.8,雲林縣,口湖鄉,口湖段,593
108,28,永宙太陽能電力股份有限公司,永宙 1-3 期口湖段太陽光電發電廠發電計畫(第二階段),108/12/11,25643.92,3157.8,雲林縣,口湖鄉,口湖段,593-2
108,28,永宙太陽能電力股份有限公司,永宙 1-3 期口湖段太陽光電發電廠發電計畫(第二階段),108/12/11,25643.92,3157.8,雲林縣,口湖鄉,口湖段,593-3
108,28,永宙太陽能電力股份有限公司,永宙 1-3 期口湖段太陽光電發電廠發電計畫(第二階段),108/12/11,25643.92,3157.8,雲林縣,口湖鄉,口湖段,593-5
108,28,永宙太陽能電力股份有限公司,永宙 1-3 期口湖段太陽光電發電廠發電計畫(第二階段),108/12/11,25643.92,3157.8,雲林縣,口湖鄉,口湖段,508
108,28,永宙太陽能電力股份有限公司,永宙 1-3 期口湖段太陽光電發電廠發電計畫(第二階段),108/12/11,25643.92,3157.8,雲林縣,口湖鄉,口湖段,511-3
108,28,永宙太陽能電力股份有限公司,永宙 1-3 期口湖段太陽光電發電廠發電計畫(第二階段),108/12/11,25643.92,3157.8,雲林縣,口湖鄉,口湖段,511-4
108,28,永宙太陽能電力股份有限公司,永宙 1-3 期口湖段太陽光電發電廠發電計畫(第二階段),108/12/11,25643.92,3157.8,雲林縣,口湖鄉,口湖段,646-5
108,28,永宙太陽能電力股份有限公司,永宙 1-3 期口湖段太陽光電發電廠發電計畫(第二階段),108/12/11,25643.92,3157.8,雲林縣,口湖鄉,口湖段,617-2
108,29,永宙太陽能電力股份有限公司,永宙 1-2 期口湖段太陽光電系統發電計畫(第二階段),108/12/11,7235.99,832.2,雲林縣,口湖鄉,口湖段,515-1
108,29,永宙太陽能電力股份有限公司,永宙 1-2 期口湖段太陽光電系統發電計畫(第二階段),108/12/11,7235.99,832.2,雲林縣,口湖鄉,口湖段,655-4
108,30,辰亞光電股份有限公司,崙尾東一號電廠,109/01/15,877922.93,88038.72,彰化縣,鹿港鎮,崙海段,18
108,30,辰亞光電股份有限公司,崙尾東一號電廠,109/01/15,877922.93,88038.72,彰化縣,鹿港鎮,崙海段,10-54
108,30,辰亞光電股份有限公司,崙尾東一號電廠,109/01/15,877922.93,88038.72,彰化縣,鹿港鎮,崙海段,10-55
108,31,厚固光電股份有限公司,崙尾東二號電廠,108/11/12,893940.41,92979.81,彰化縣,鹿港鎮,崙海段,17
108,32,奇美綠能股份有限公司,奇美綠能園區地面型太陽光電發電廠(第一期),108/12/11,141676,8532,台南市,善化區,茄拔段二小段,619
108,32,奇美綠能股份有限公司,奇美綠能園區地面型太陽光電發電廠(第一期),108/12/11,141676,8532,台南市,善化區,茄拔段二小段,642-1
108,32,奇美綠能股份有限公司,奇美綠能園區地面型太陽光電發電廠(第一期),108/12/11,141676,8532,屏東縣,高樹鄉,加蚋埔段,38-8
108,32,奇美綠能股份有限公司,奇美綠能園區地面型太陽光電發電廠(第一期),108/12/11,141676,8532,屏東縣,高樹鄉,加蚋埔段,38-34
108,34,奇美綠能股份有限公司,奇美綠能園區地面型太陽光電發電廠(第二期),108/12/11,158568,6740.28,台南市,善化區,茄拔段二小段,617
108,34,奇美綠能股份有限公司,奇美綠能園區地面型太陽光電發電廠(第二期),108/12/11,158568,6740.28,台南市,善化區,茄拔段二小段,619
108,34,奇美綠能股份有限公司,奇美綠能園區地面型太陽光電發電廠(第二期),108/12/11,158568,6740.28,台南市,善化區,茄拔段二小段,623
108,34,奇美綠能股份有限公司,奇美綠能園區地面型太陽光電發電廠(第二期),108/12/11,158568,6740.28,台南市,善化區,茄拔段二小段,629
108,35,天機電力股份有限公司,雲林麥寮太陽光電發電廠一期-1,108/11/11,221001.69,26448,雲林縣,麥寮鄉,新吉段,1059
108,35,天機電力股份有限公司,雲林麥寮太陽光電發電廠一期-1,108/11/11,221001.69,26448,雲林縣,麥寮鄉,新吉段,1092
108,35,天機電力股份有限公司,雲林麥寮太陽光電發電廠一期-1,108/11/11,221001.69,26448,雲林縣,麥寮鄉,新吉段,1093
108,35,天機電力股份有限公司,雲林麥寮太陽光電發電廠一期-1,108/11/11,221001.69,26448,雲林縣,麥寮鄉,新吉段,1094
108,35,天機電力股份有限公司,雲林麥寮太陽光電發電廠一期-1,108/11/11,221001.69,26448,雲林縣,麥寮鄉,新吉段,1095
108,35,天機電力股份有限公司,雲林麥寮太陽光電發電廠一期-1,108/11/11,221001.69,26448,雲林縣,麥寮鄉,新吉段,1097
108,35,天機電力股份有限公司,雲林麥寮太陽光電發電廠一期-1,108/11/11,221001.69,26448,雲林縣,麥寮鄉,新吉段,1098
108,35,天機電力股份有限公司,雲林麥寮太陽光電發電廠一期-1,108/11/11,221001.69,26448,雲林縣,麥寮鄉,新吉段,1099
108,35,天機電力股份有限公司,雲林麥寮太陽光電發電廠一期-1,108/11/11,221001.69,26448,雲林縣,麥寮鄉,新吉段,1100
108,35,天機電力股份有限公司,雲林麥寮太陽光電發電廠一期-1,108/11/11,221001.69,26448,雲林縣,麥寮鄉,新吉段,1101
108,35,天機電力股份有限公司,雲林麥寮太陽光電發電廠一期-1,108/11/11,221001.69,26448,雲林縣,麥寮鄉,新吉段,1102
108,35,天機電力股份有限公司,雲林麥寮太陽光電發電廠一期-1,108/11/11,221001.69,26448,雲林縣,麥寮鄉,新吉段,1103
108,35,天機電力股份有限公司,雲林麥寮太陽光電發電廠一期-1,108/11/11,221001.69,26448,雲林縣,麥寮鄉,新吉段,1104
108,35,天機電力股份有限公司,雲林麥寮太陽光電發電廠一期-1,108/11/11,221001.69,26448,雲林縣,麥寮鄉,新吉段,1111
108,35,天機電力股份有限公司,雲林麥寮太陽光電發電廠一期-1,108/11/11,221001.69,26448,雲林縣,麥寮鄉,新吉段,1111-1
108,35,天機電力股份有限公司,雲林麥寮太陽光電發電廠一期-1,108/11/11,221001.69,26448,雲林縣,麥寮鄉,新吉段,1109
108,35,天機電力股份有限公司,雲林麥寮太陽光電發電廠一期-1,108/11/11,221001.69,26448,雲林縣,麥寮鄉,新吉段,1118
108,35,天機電力股份有限公司,雲林麥寮太陽光電發電廠一期-1,108/11/11,221001.69,26448,雲林縣,麥寮鄉,新吉段,1119
108,35,天機電力股份有限公司,雲林麥寮太陽光電發電廠一期-1,108/11/11,221001.69,26448,雲林縣,麥寮鄉,新吉段,1120
108,35,天機電力股份有限公司,雲林麥寮太陽光電發電廠一期-1,108/11/11,221001.69,26448,雲林縣,麥寮鄉,新吉段,1121
108,35,天機電力股份有限公司,雲林麥寮太陽光電發電廠一期-1,108/11/11,221001.69,26448,雲林縣,麥寮鄉,新吉段,1122
108,35,天機電力股份有限公司,雲林麥寮太陽光電發電廠一期-1,108/11/11,221001.69,26448,雲林縣,麥寮鄉,新吉段,1138
108,35,天機電力股份有限公司,雲林麥寮太陽光電發電廠一期-1,108/11/11,221001.69,26448,雲林縣,麥寮鄉,新吉段,1139
108,35,天機電力股份有限公司,雲林麥寮太陽光電發電廠一期-1,108/11/11,221001.69,26448,雲林縣,麥寮鄉,新吉段,1124
108,35,天機電力股份有限公司,雲林麥寮太陽光電發電廠一期-1,108/11/11,221001.69,26448,雲林縣,麥寮鄉,新吉段,1125
108,35,天機電力股份有限公司,雲林麥寮太陽光電發電廠一期-1,108/11/11,221001.69,26448,雲林縣,麥寮鄉,新吉段,1128
108,35,天機電力股份有限公司,雲林麥寮太陽光電發電廠一期-1,108/11/11,221001.69,26448,雲林縣,麥寮鄉,新吉段,1129
108,35,天機電力股份有限公司,雲林麥寮太陽光電發電廠一期-1,108/11/11,221001.69,26448,雲林縣,麥寮鄉,新吉段,1131
108,35,天機電力股份有限公司,雲林麥寮太陽光電發電廠一期-1,108/11/11,221001.69,26448,雲林縣,麥寮鄉,新吉段,1133
108,35,天機電力股份有限公司,雲林麥寮太陽光電發電廠一期-1,108/11/11,221001.69,26448,雲林縣,麥寮鄉,新吉段,1134
108,35,天機電力股份有限公司,雲林麥寮太陽光電發電廠一期-1,108/11/11,221001.69,26448,雲林縣,麥寮鄉,新吉段,1136
108,35,天機電力股份有限公司,雲林麥寮太陽光電發電廠一期-1,108/11/11,221001.69,26448,雲林縣,麥寮鄉,新吉段,1142
108,35,天機電力股份有限公司,雲林麥寮太陽光電發電廠一期-1,108/11/11,221001.69,26448,雲林縣,麥寮鄉,新吉段,1142-1
108,35,天機電力股份有限公司,雲林麥寮太陽光電發電廠一期-1,108/11/11,221001.69,26448,雲林縣,麥寮鄉,新吉段,1160
108,35,天機電力股份有限公司,雲林麥寮太陽光電發電廠一期-1,108/11/11,221001.69,26448,雲林縣,麥寮鄉,新吉段,1161
108,35,天機電力股份有限公司,雲林麥寮太陽光電發電廠一期-1,108/11/11,221001.69,26448,雲林縣,麥寮鄉,新吉段,1162
108,35,天機電力股份有限公司,雲林麥寮太陽光電發電廠一期-1,108/11/11,221001.69,26448,雲林縣,麥寮鄉,新吉段,1163
108,35,天機電力股份有限公司,雲林麥寮太陽光電發電廠一期-1,108/11/11,221001.69,26448,雲林縣,麥寮鄉,豐安段,938
108,35,天機電力股份有限公司,雲林麥寮太陽光電發電廠一期-1,108/11/11,221001.69,26448,雲林縣,麥寮鄉,豐安段,939
108,35,天機電力股份有限公司,雲林麥寮太陽光電發電廠一期-1,108/11/11,221001.69,26448,雲林縣,麥寮鄉,豐安段,943
108,35,天機電力股份有限公司,雲林麥寮太陽光電發電廠一期-1,108/11/11,221001.69,26448,雲林縣,麥寮鄉,豐安段,944
108,35,天機電力股份有限公司,雲林麥寮太陽光電發電廠一期-1,108/11/11,221001.69,26448,雲林縣,麥寮鄉,豐安段,955
108,35,天機電力股份有限公司,雲林麥寮太陽光電發電廠一期-1,108/11/11,221001.69,26448,雲林縣,麥寮鄉,豐安段,956
108,35,天機電力股份有限公司,雲林麥寮太陽光電發電廠一期-1,108/11/11,221001.69,26448,雲林縣,麥寮鄉,豐安段,958
108,35,天機電力股份有限公司,雲林麥寮太陽光電發電廠一期-1,108/11/11,221001.69,26448,雲林縣,麥寮鄉,豐安段,959
108,35,天機電力股份有限公司,雲林麥寮太陽光電發電廠一期-1,108/11/11,221001.69,26448,雲林縣,麥寮鄉,豐安段,960
108,35,天機電力股份有限公司,雲林麥寮太陽光電發電廠一期-1,108/11/11,221001.69,26448,雲林縣,麥寮鄉,豐安段,964
108,35,天機電力股份有限公司,雲林麥寮太陽光電發電廠一期-1,108/11/11,221001.69,26448,雲林縣,麥寮鄉,豐安段,965
108,35,天機電力股份有限公司,雲林麥寮太陽光電發電廠一期-1,108/11/11,221001.69,26448,雲林縣,麥寮鄉,豐安段,966
108,35,天機電力股份有限公司,雲林麥寮太陽光電發電廠一期-1,108/11/11,221001.69,26448,雲林縣,麥寮鄉,豐安段,968
108,35,天機電力股份有限公司,雲林麥寮太陽光電發電廠一期-1,108/11/11,221001.69,26448,雲林縣,麥寮鄉,豐安段,969
108,35,天機電力股份有限公司,雲林麥寮太陽光電發電廠一期-1,108/11/11,221001.69,26448,雲林縣,麥寮鄉,豐安段,973
108,35,天機電力股份有限公司,雲林麥寮太陽光電發電廠一期-1,108/11/11,221001.69,26448,雲林縣,麥寮鄉,豐安段,974
108,35,天機電力股份有限公司,雲林麥寮太陽光電發電廠一期-1,108/11/11,221001.69,26448,雲林縣,麥寮鄉,豐安段,977
108,35,天機電力股份有限公司,雲林麥寮太陽光電發電廠一期-1,108/11/11,221001.69,26448,雲林縣,麥寮鄉,豐安段,978
108,35,天機電力股份有限公司,雲林麥寮太陽光電發電廠一期-1,108/11/11,221001.69,26448,雲林縣,麥寮鄉,豐安段,982
108,35,天機電力股份有限公司,雲林麥寮太陽光電發電廠一期-1,108/11/11,221001.69,26448,雲林縣,麥寮鄉,豐安段,983
108,35,天機電力股份有限公司,雲林麥寮太陽光電發電廠一期-1,108/11/11,221001.69,26448,雲林縣,麥寮鄉,豐安段,1117
108,35,天機電力股份有限公司,雲林麥寮太陽光電發電廠一期-1,108/11/11,221001.69,26448,雲林縣,麥寮鄉,豐安段,1117-1
108,35,天機電力股份有限公司,雲林麥寮太陽光電發電廠一期-1,108/11/11,221001.69,26448,雲林縣,麥寮鄉,安西段,13
108,36,得禾能源有限公司,台南一期電廠,109/01/21,114.86,7.44,台南市,新營區,民權段,105
108,37,得禾能源有限公司,台南二期電廠,109/01/21,78,7.44,台南市,安定區,港口段,2810-21
108,37,得禾能源有限公司,台南二期電廠,109/01/21,78,7.44,雲林縣,口湖鄉,口湖段,647
108,37,得禾能源有限公司,台南二期電廠,109/01/21,78,7.44,雲林縣,口湖鄉,口湖段,647-2
108,37,得禾能源有限公司,台南二期電廠,109/01/21,78,7.44,雲林縣,口湖鄉,口湖段,682-2
108,39,永宙太陽能電力股份有限公司,永宙 1-4 期口湖段太陽光電發電廠,109/05/13,51687.24,5939.4,雲林縣,口湖鄉,口湖段,593-4
108,39,永宙太陽能電力股份有限公司,永宙 1-4 期口湖段太陽光電發電廠,109/05/13,51687.24,5939.4,雲林縣,口湖鄉,口湖段,645-2
108,39,永宙太陽能電力股份有限公司,永宙 1-4 期口湖段太陽光電發電廠,109/05/13,51687.24,5939.4,雲林縣,口湖鄉,口湖段,646-3
108,39,永宙太陽能電力股份有限公司,永宙 1-4 期口湖段太陽光電發電廠,109/05/13,51687.24,5939.4,雲林縣,口湖鄉,口湖段,650-2
108,39,永宙太陽能電力股份有限公司,永宙 1-4 期口湖段太陽光電發電廠,109/05/13,51687.24,5939.4,雲林縣,口湖鄉,口湖段,650-3
108,39,永宙太陽能電力股份有限公司,永宙 1-4 期口湖段太陽光電發電廠,109/05/13,51687.24,5939.4,雲林縣,口湖鄉,口湖段,649
108,39,永宙太陽能電力股份有限公司,永宙 1-4 期口湖段太陽光電發電廠,109/05/13,51687.24,5939.4,雲林縣,口湖鄉,口湖段,683
108,39,永宙太陽能電力股份有限公司,永宙 1-4 期口湖段太陽光電發電廠,109/05/13,51687.24,5939.4,雲林縣,口湖鄉,口湖段,684
108,39,永宙太陽能電力股份有限公司,永宙 1-4 期口湖段太陽光電發電廠,109/05/13,51687.24,5939.4,雲林縣,口湖鄉,口湖段,684-10
108,39,永宙太陽能電力股份有限公司,永宙 1-4 期口湖段太陽光電發電廠,109/05/13,51687.24,5939.4,雲林縣,口湖鄉,口湖段,684-11
108,39,永宙太陽能電力股份有限公司,永宙 1-4 期口湖段太陽光電發電廠,109/05/13,51687.24,5939.4,雲林縣,口湖鄉,口湖段,646-2
108,39,永宙太陽能電力股份有限公司,永宙 1-4 期口湖段太陽光電發電廠,109/05/13,51687.24,5939.4,雲林縣,口湖鄉,口湖段,624-7
108,39,永宙太陽能電力股份有限公司,永宙 1-4 期口湖段太陽光電發電廠,109/05/13,51687.24,5939.4,雲林縣,口湖鄉,口湖段,624-2
108,39,永宙太陽能電力股份有限公司,永宙 1-4 期口湖段太陽光電發電廠,109/05/13,51687.24,5939.4,雲林縣,口湖鄉,口湖段,626
108,39,永宙太陽能電力股份有限公司,永宙 1-4 期口湖段太陽光電發電廠,109/05/13,51687.24,5939.4,雲林縣,口湖鄉,口湖段,624-6
108,40,天機電力股份有限公司,雲林麥寮太陽光電發電廠一期-2,109/03/06,221001.69,3820.16,雲林縣,麥寮鄉,中山段,941
108,40,天機電力股份有限公司,雲林麥寮太陽光電發電廠一期-2,109/03/06,221001.69,3820.16,雲林縣,麥寮鄉,中山段,942
108,40,天機電力股份有限公司,雲林麥寮太陽光電發電廠一期-2,109/03/06,221001.69,3820.16,雲林縣,麥寮鄉,中山段,943
108,40,天機電力股份有限公司,雲林麥寮太陽光電發電廠一期-2,109/03/06,221001.69,3820.16,雲林縣,麥寮鄉,中山段,944
108,40,天機電力股份有限公司,雲林麥寮太陽光電發電廠一期-2,109/03/06,221001.69,3820.16,雲林縣,麥寮鄉,中山段,946
108,40,天機電力股份有限公司,雲林麥寮太陽光電發電廠一期-2,109/03/06,221001.69,3820.16,雲林縣,麥寮鄉,中山段,948
108,40,天機電力股份有限公司,雲林麥寮太陽光電發電廠一期-2,109/03/06,221001.69,3820.16,雲林縣,麥寮鄉,中山段,950
108,40,天機電力股份有限公司,雲林麥寮太陽光電發電廠一期-2,109/03/06,221001.69,3820.16,雲林縣,麥寮鄉,中山段,955
108,40,天機電力股份有限公司,雲林麥寮太陽光電發電廠一期-2,109/03/06,221001.69,3820.16,雲林縣,麥寮鄉,中山段,957
108,40,天機電力股份有限公司,雲林麥寮太陽光電發電廠一期-2,109/03/06,221001.69,3820.16,雲林縣,麥寮鄉,中山段,959
108,40,天機電力股份有限公司,雲林麥寮太陽光電發電廠一期-2,109/03/06,221001.69,3820.16,雲林縣,麥寮鄉,中山段,961
108,40,天機電力股份有限公司,雲林麥寮太陽光電發電廠一期-2,109/03/06,221001.69,3820.16,雲林縣,麥寮鄉,中山段,963
108,40,天機電力股份有限公司,雲林麥寮太陽光電發電廠一期-2,109/03/06,221001.69,3820.16,雲林縣,麥寮鄉,中山段,965
108,40,天機電力股份有限公司,雲林麥寮太陽光電發電廠一期-2,109/03/06,221001.69,3820.16,雲林縣,麥寮鄉,中山段,967
108,40,天機電力股份有限公司,雲林麥寮太陽光電發電廠一期-2,109/03/06,221001.69,3820.16,雲林縣,麥寮鄉,中山段,969
108,41,佳冬能源股份有限公司,屏東縣內埔鄉建興段太陽光電發電業,109/05/01,19410.75,1985.92,屏東縣,內埔鄉,建興段,418
108,41,佳冬能源股份有限公司,屏東縣內埔鄉建興段太陽光電發電業,109/05/01,19410.75,1985.92,屏東縣,內埔鄉,建興段,421
108,41,佳冬能源股份有限公司,屏東縣內埔鄉建興段太陽光電發電業,109/05/01,19410.75,1985.92,屏東縣,內埔鄉,建興段,426
108,42,銧昊股份有限公司,銧昊第一期太陽能電廠,109/04/08,17406.48,1884.18,屏東縣,新埤鄉,上萬安段,5
108,42,銧昊股份有限公司,銧昊第一期太陽能電廠,109/04/08,17406.48,1884.18,屏東縣,新埤鄉,上萬安段,33
108,42,銧昊股份有限公司,銧昊第一期太陽能電廠,109/04/08,17406.48,1884.18,屏東縣,新埤鄉,上萬安段,34
108,43,成勁電力股份有限公司,成勁三期雲林口湖地面型太陽光電發電廠,109/01/31,15317,1990.8,雲林縣,口湖鄉,下崙段,1493
108,43,成勁電力股份有限公司,成勁三期雲林口湖地面型太陽光電發電廠,109/01/31,15317,1990.8,雲林縣,口湖鄉,下崙段,1494
108,43,成勁電力股份有限公司,成勁三期雲林口湖地面型太陽光電發電廠,109/01/31,15317,1990.8,雲林縣,口湖鄉,下崙段,1500
108,43,成勁電力股份有限公司,成勁三期雲林口湖地面型太陽光電發電廠,109/01/31,15317,1990.8,雲林縣,口湖鄉,下崙段,1501
108,43,成勁電力股份有限公司,成勁三期雲林口湖地面型太陽光電發電廠,109/01/31,15317,1990.8,雲林縣,口湖鄉,下崙段,1510
108,43,成勁電力股份有限公司,成勁三期雲林口湖地面型太陽光電發電廠,109/01/31,15317,1990.8,雲林縣,口湖鄉,下崙段,1511
108,44,城市發展電業股份有限公司,屏東林邊鎮安太陽光電發電廠-第一期,109/03/03,69179.28,6884.46,屏東鎮,林邊鄉,鎮安段,915
108,44,城市發展電業股份有限公司,屏東林邊鎮安太陽光電發電廠-第一期,109/03/03,69179.28,6884.46,屏東鎮,林邊鄉,鎮安段,919
108,44,城市發展電業股份有限公司,屏東林邊鎮安太陽光電發電廠-第一期,109/03/03,69179.28,6884.46,屏東鎮,林邊鄉,鎮安段,949
108,44,城市發展電業股份有限公司,屏東林邊鎮安太陽光電發電廠-第一期,109/03/03,69179.28,6884.46,屏東鎮,林邊鄉,鎮安段,950
108,44,城市發展電業股份有限公司,屏東林邊鎮安太陽光電發電廠-第一期,109/03/03,69179.28,6884.46,屏東鎮,林邊鄉,鎮安段,951
108,44,城市發展電業股份有限公司,屏東林邊鎮安太陽光電發電廠-第一期,109/03/03,69179.28,6884.46,屏東鎮,林邊鄉,鎮安段,963
108,44,城市發展電業股份有限公司,屏東林邊鎮安太陽光電發電廠-第一期,109/03/03,69179.28,6884.46,屏東鎮,林邊鄉,鎮安段,1007-1
108,44,城市發展電業股份有限公司,屏東林邊鎮安太陽光電發電廠-第一期,109/03/03,69179.28,6884.46,屏東鎮,林邊鄉,鎮安段,1017-1
108,44,城市發展電業股份有限公司,屏東林邊鎮安太陽光電發電廠-第一期,109/03/03,69179.28,6884.46,屏東鎮,林邊鄉,鎮安段,1027
108,44,城市發展電業股份有限公司,屏東林邊鎮安太陽光電發電廠-第一期,109/03/03,69179.28,6884.46,屏東鎮,林邊鄉,鎮安段,1033
108,44,城市發展電業股份有限公司,屏東林邊鎮安太陽光電發電廠-第一期,109/03/03,69179.28,6884.46,屏東鎮,林邊鄉,鎮安段,1044
108,44,城市發展電業股份有限公司,屏東林邊鎮安太陽光電發電廠-第一期,109/03/03,69179.28,6884.46,屏東鎮,林邊鄉,鎮安段,1045
108,44,城市發展電業股份有限公司,屏東林邊鎮安太陽光電發電廠-第一期,109/03/03,69179.28,6884.46,屏東鎮,林邊鄉,鎮安段,1070
108,44,城市發展電業股份有限公司,屏東林邊鎮安太陽光電發電廠-第一期,109/03/03,69179.28,6884.46,屏東鎮,林邊鄉,鎮安段,1071
108,44,城市發展電業股份有限公司,屏東林邊鎮安太陽光電發電廠-第一期,109/03/03,69179.28,6884.46,屏東鎮,林邊鄉,鎮安段,1078
108,44,城市發展電業股份有限公司,屏東林邊鎮安太陽光電發電廠-第一期,109/03/03,69179.28,6884.46,屏東鎮,林邊鄉,鎮安段,1080
108,44,城市發展電業股份有限公司,屏東林邊鎮安太陽光電發電廠-第一期,109/03/03,69179.28,6884.46,屏東鎮,林邊鄉,鎮安段,1081
108,44,城市發展電業股份有限公司,屏東林邊鎮安太陽光電發電廠-第一期,109/03/03,69179.28,6884.46,屏東鎮,林邊鄉,鎮安段,1083
108,44,城市發展電業股份有限公司,屏東林邊鎮安太陽光電發電廠-第一期,109/03/03,69179.28,6884.46,屏東鎮,林邊鄉,鎮安段,1099
108,44,城市發展電業股份有限公司,屏東林邊鎮安太陽光電發電廠-第一期,109/03/03,69179.28,6884.46,屏東鎮,林邊鄉,鎮安段,1103
108,44,城市發展電業股份有限公司,屏東林邊鎮安太陽光電發電廠-第一期,109/03/03,69179.28,6884.46,屏東鎮,林邊鄉,鎮安段,1111
108,44,城市發展電業股份有限公司,屏東林邊鎮安太陽光電發電廠-第一期,109/03/03,69179.28,6884.46,屏東鎮,林邊鄉,鎮安段,1231
108,45,禾迅一號股份有限公司,台南學甲地面型太陽光電發電系統工程,109/03/02,417912.65,51769.9,台南市,鹽水區,飯店段,2711
108,45,禾迅一號股份有限公司,台南學甲地面型太陽光電發電系統工程,109/03/02,417912.65,51769.9,台南市,鹽水區,飯店段,2712
108,45,禾迅一號股份有限公司,台南學甲地面型太陽光電發電系統工程,109/03/02,417912.65,51769.9,台南市,鹽水區,飯店段,2714
108,45,禾迅一號股份有限公司,台南學甲地面型太陽光電發電系統工程,109/03/02,417912.65,51769.9,台南市,鹽水區,飯店段,2715
108,45,禾迅一號股份有限公司,台南學甲地面型太陽光電發電系統工程,109/03/02,417912.65,51769.9,台南市,鹽水區,飯店段,2728
108,45,禾迅一號股份有限公司,台南學甲地面型太陽光電發電系統工程,109/03/02,417912.65,51769.9,台南市,鹽水區,飯店段,2729
108,45,禾迅一號股份有限公司,台南學甲地面型太陽光電發電系統工程,109/03/02,417912.65,51769.9,台南市,鹽水區,飯店段,2730
108,45,禾迅一號股份有限公司,台南學甲地面型太陽光電發電系統工程,109/03/02,417912.65,51769.9,台南市,鹽水區,飯店段,2720
108,45,禾迅一號股份有限公司,台南學甲地面型太陽光電發電系統工程,109/03/02,417912.65,51769.9,台南市,鹽水區,飯店段,2721
108,45,禾迅一號股份有限公司,台南學甲地面型太陽光電發電系統工程,109/03/02,417912.65,51769.9,台南市,鹽水區,飯店段,2754
108,45,禾迅一號股份有限公司,台南學甲地面型太陽光電發電系統工程,109/03/02,417912.65,51769.9,台南市,鹽水區,飯店段,2755
108,45,禾迅一號股份有限公司,台南學甲地面型太陽光電發電系統工程,109/03/02,417912.65,51769.9,台南市,鹽水區,飯店段,2756
108,45,禾迅一號股份有限公司,台南學甲地面型太陽光電發電系統工程,109/03/02,417912.65,51769.9,台南市,鹽水區,飯店段,2761
108,45,禾迅一號股份有限公司,台南學甲地面型太陽光電發電系統工程,109/03/02,417912.65,51769.9,台南市,鹽水區,飯店段,2762-1
108,45,禾迅一號股份有限公司,台南學甲地面型太陽光電發電系統工程,109/03/02,417912.65,51769.9,台南市,鹽水區,飯店段,2769
108,45,禾迅一號股份有限公司,台南學甲地面型太陽光電發電系統工程,109/03/02,417912.65,51769.9,台南市,鹽水區,飯店段,2771
108,45,禾迅一號股份有限公司,台南學甲地面型太陽光電發電系統工程,109/03/02,417912.65,51769.9,台南市,鹽水區,飯店段,2773
108,45,禾迅一號股份有限公司,台南學甲地面型太陽光電發電系統工程,109/03/02,417912.65,51769.9,台南市,鹽水區,飯店段,2774
108,45,禾迅一號股份有限公司,台南學甲地面型太陽光電發電系統工程,109/03/02,417912.65,51769.9,台南市,鹽水區,飯店段,2776
108,45,禾迅一號股份有限公司,台南學甲地面型太陽光電發電系統工程,109/03/02,417912.65,51769.9,台南市,鹽水區,飯店段,2777
108,45,禾迅一號股份有限公司,台南學甲地面型太陽光電發電系統工程,109/03/02,417912.65,51769.9,台南市,鹽水區,飯店段,2778
108,45,禾迅一號股份有限公司,台南學甲地面型太陽光電發電系統工程,109/03/02,417912.65,51769.9,台南市,鹽水區,飯店段,2779
108,45,禾迅一號股份有限公司,台南學甲地面型太陽光電發電系統工程,109/03/02,417912.65,51769.9,台南市,鹽水區,飯店段,2780
108,45,禾迅一號股份有限公司,台南學甲地面型太陽光電發電系統工程,109/03/02,417912.65,51769.9,台南市,鹽水區,飯店段,2804
108,45,禾迅一號股份有限公司,台南學甲地面型太陽光電發電系統工程,109/03/02,417912.65,51769.9,台南市,鹽水區,飯店段,2805
108,45,禾迅一號股份有限公司,台南學甲地面型太陽光電發電系統工程,109/03/02,417912.65,51769.9,台南市,鹽水區,飯店段,2799
108,45,禾迅一號股份有限公司,台南學甲地面型太陽光電發電系統工程,109/03/02,417912.65,51769.9,台南市,鹽水區,飯店段,2800
108,45,禾迅一號股份有限公司,台南學甲地面型太陽光電發電系統工程,109/03/02,417912.65,51769.9,台南市,鹽水區,飯店段,2790
108,45,禾迅一號股份有限公司,台南學甲地面型太陽光電發電系統工程,109/03/02,417912.65,51769.9,台南市,鹽水區,飯店段,2791
108,45,禾迅一號股份有限公司,台南學甲地面型太陽光電發電系統工程,109/03/02,417912.65,51769.9,台南市,鹽水區,飯店段,2784
108,45,禾迅一號股份有限公司,台南學甲地面型太陽光電發電系統工程,109/03/02,417912.65,51769.9,台南市,鹽水區,飯店段,2785
108,45,禾迅一號股份有限公司,台南學甲地面型太陽光電發電系統工程,109/03/02,417912.65,51769.9,台南市,鹽水區,飯店段,2786
108,45,禾迅一號股份有限公司,台南學甲地面型太陽光電發電系統工程,109/03/02,417912.65,51769.9,台南市,鹽水區,飯店段,2677
108,45,禾迅一號股份有限公司,台南學甲地面型太陽光電發電系統工程,109/03/02,417912.65,51769.9,台南市,鹽水區,飯店段,2692
108,45,禾迅一號股份有限公司,台南學甲地面型太陽光電發電系統工程,109/03/02,417912.65,51769.9,台南市,鹽水區,飯店段,2745
108,45,禾迅一號股份有限公司,台南學甲地面型太陽光電發電系統工程,109/03/02,417912.65,51769.9,台南市,北門區,溪底寮段三寮灣小段,855-1
108,45,禾迅一號股份有限公司,台南學甲地面型太陽光電發電系統工程,109/03/02,417912.65,51769.9,台南市,北門區,溪底寮段三寮灣小段,856
108,45,禾迅一號股份有限公司,台南學甲地面型太陽光電發電系統工程,109/03/02,417912.65,51769.9,台南市,北門區,溪底寮段三寮灣小段,856-3
108,45,禾迅一號股份有限公司,台南學甲地面型太陽光電發電系統工程,109/03/02,417912.65,51769.9,台南市,北門區,溪底寮段三寮灣小段,857
108,45,禾迅一號股份有限公司,台南學甲地面型太陽光電發電系統工程,109/03/02,417912.65,51769.9,台南市,北門區,溪底寮段三寮灣小段,857-1
108,45,禾迅一號股份有限公司,台南學甲地面型太陽光電發電系統工程,109/03/02,417912.65,51769.9,台南市,北門區,溪底寮段三寮灣小段,857-2
108,45,禾迅一號股份有限公司,台南學甲地面型太陽光電發電系統工程,109/03/02,417912.65,51769.9,台南市,北門區,溪底寮段三寮灣小段,857-3
108,45,禾迅一號股份有限公司,台南學甲地面型太陽光電發電系統工程,109/03/02,417912.65,51769.9,台南市,北門區,溪底寮段三寮灣小段,858
108,45,禾迅一號股份有限公司,台南學甲地面型太陽光電發電系統工程,109/03/02,417912.65,51769.9,台南市,北門區,溪底寮段三寮灣小段,859
108,45,禾迅一號股份有限公司,台南學甲地面型太陽光電發電系統工程,109/03/02,417912.65,51769.9,台南市,北門區,溪底寮段三寮灣小段,859-2
108,45,禾迅一號股份有限公司,台南學甲地面型太陽光電發電系統工程,109/03/02,417912.65,51769.9,台南市,北門區,溪底寮段三寮灣小段,859-3
108,45,禾迅一號股份有限公司,台南學甲地面型太陽光電發電系統工程,109/03/02,417912.65,51769.9,台南市,北門區,溪底寮段三寮灣小段,859-4
108,45,禾迅一號股份有限公司,台南學甲地面型太陽光電發電系統工程,109/03/02,417912.65,51769.9,台南市,北門區,溪底寮段三寮灣小段,866
108,45,禾迅一號股份有限公司,台南學甲地面型太陽光電發電系統工程,109/03/02,417912.65,51769.9,台南市,北門區,溪底寮段三寮灣小段,866-1
108,45,禾迅一號股份有限公司,台南學甲地面型太陽光電發電系統工程,109/03/02,417912.65,51769.9,台南市,北門區,溪底寮段三寮灣小段,866-2
108,45,禾迅一號股份有限公司,台南學甲地面型太陽光電發電系統工程,109/03/02,417912.65,51769.9,台南市,北門區,溪底寮段三寮灣小段,868
108,45,禾迅一號股份有限公司,台南學甲地面型太陽光電發電系統工程,109/03/02,417912.65,51769.9,台南市,北門區,溪底寮段三寮灣小段,868-1
108,45,禾迅一號股份有限公司,台南學甲地面型太陽光電發電系統工程,109/03/02,417912.65,51769.9,台南市,北門區,溪底寮段三寮灣小段,877
108,45,禾迅一號股份有限公司,台南學甲地面型太陽光電發電系統工程,109/03/02,417912.65,51769.9,台南市,北門區,溪底寮段三寮灣小段,877-1
108,45,禾迅一號股份有限公司,台南學甲地面型太陽光電發電系統工程,109/03/02,417912.65,51769.9,台南市,北門區,溪底寮段三寮灣小段,877-2
108,45,禾迅一號股份有限公司,台南學甲地面型太陽光電發電系統工程,109/03/02,417912.65,51769.9,台南市,北門區,溪底寮段三寮灣小段,888
108,45,禾迅一號股份有限公司,台南學甲地面型太陽光電發電系統工程,109/03/02,417912.65,51769.9,台南市,北門區,溪底寮段三寮灣小段,889
108,45,禾迅一號股份有限公司,台南學甲地面型太陽光電發電系統工程,109/03/02,417912.65,51769.9,台南市,學甲區,宅子港段,163-297
108,45,禾迅一號股份有限公司,台南學甲地面型太陽光電發電系統工程,109/03/02,417912.65,51769.9,台南市,學甲區,宅子港段,163-305
108,45,禾迅一號股份有限公司,台南學甲地面型太陽光電發電系統工程,109/03/02,417912.65,51769.9,台南市,學甲區,宅子港段,163-309
108,45,禾迅一號股份有限公司,台南學甲地面型太陽光電發電系統工程,109/03/02,417912.65,51769.9,台南市,學甲區,宅子港段,163-310
108,45,禾迅一號股份有限公司,台南學甲地面型太陽光電發電系統工程,109/03/02,417912.65,51769.9,台南市,學甲區,宅子港段,163-311
108,45,禾迅一號股份有限公司,台南學甲地面型太陽光電發電系統工程,109/03/02,417912.65,51769.9,台南市,學甲區,宅子港段,163-312
108,45,禾迅一號股份有限公司,台南學甲地面型太陽光電發電系統工程,109/03/02,417912.65,51769.9,台南市,學甲區,宅子港段,163-299
108,45,禾迅一號股份有限公司,台南學甲地面型太陽光電發電系統工程,109/03/02,417912.65,51769.9,台南市,學甲區,宅子港段,163-300
108,45,禾迅一號股份有限公司,台南學甲地面型太陽光電發電系統工程,109/03/02,417912.65,51769.9,台南市,學甲區,宅子港段,165-528
108,45,禾迅一號股份有限公司,台南學甲地面型太陽光電發電系統工程,109/03/02,417912.65,51769.9,台南市,學甲區,宅子港段,165-529
108,45,禾迅一號股份有限公司,台南學甲地面型太陽光電發電系統工程,109/03/02,417912.65,51769.9,台南市,北門區,麗湖段,281
108,45,禾迅一號股份有限公司,台南學甲地面型太陽光電發電系統工程,109/03/02,417912.65,51769.9,台南市,北門區,麗湖段,318
108,45,禾迅一號股份有限公司,台南學甲地面型太陽光電發電系統工程,109/03/02,417912.65,51769.9,台南市,北門區,麗湖段,318-1
108,45,禾迅一號股份有限公司,台南學甲地面型太陽光電發電系統工程,109/03/02,417912.65,51769.9,台南市,北門區,麗湖段,319
108,45,禾迅一號股份有限公司,台南學甲地面型太陽光電發電系統工程,109/03/02,417912.65,51769.9,台南市,北門區,麗湖段,319-1
108,45,禾迅一號股份有限公司,台南學甲地面型太陽光電發電系統工程,109/03/02,417912.65,51769.9,台南市,北門區,麗湖段,320
108,45,禾迅一號股份有限公司,台南學甲地面型太陽光電發電系統工程,109/03/02,417912.65,51769.9,台南市,北門區,麗湖段,323
108,45,禾迅一號股份有限公司,台南學甲地面型太陽光電發電系統工程,109/03/02,417912.65,51769.9,台南市,北門區,麗湖段,324
108,45,禾迅一號股份有限公司,台南學甲地面型太陽光電發電系統工程,109/03/02,417912.65,51769.9,台南市,北門區,麗湖段,325
108,45,禾迅一號股份有限公司,台南學甲地面型太陽光電發電系統工程,109/03/02,417912.65,51769.9,台南市,北門區,麗湖段,326
108,45,禾迅一號股份有限公司,台南學甲地面型太陽光電發電系統工程,109/03/02,417912.65,51769.9,台南市,北門區,麗湖段,327
108,45,禾迅一號股份有限公司,台南學甲地面型太陽光電發電系統工程,109/03/02,417912.65,51769.9,台南市,北門區,麗湖段,328
108,45,禾迅一號股份有限公司,台南學甲地面型太陽光電發電系統工程,109/03/02,417912.65,51769.9,台南市,北門區,麗湖段,328-1
108,45,禾迅一號股份有限公司,台南學甲地面型太陽光電發電系統工程,109/03/02,417912.65,51769.9,台南市,北門區,麗湖段,329
108,45,禾迅一號股份有限公司,台南學甲地面型太陽光電發電系統工程,109/03/02,417912.65,51769.9,台南市,北門區,麗湖段,335
108,45,禾迅一號股份有限公司,台南學甲地面型太陽光電發電系統工程,109/03/02,417912.65,51769.9,台南市,北門區,麗湖段,339
108,45,禾迅一號股份有限公司,台南學甲地面型太陽光電發電系統工程,109/03/02,417912.65,51769.9,台南市,北門區,麗湖段,345
108,45,禾迅一號股份有限公司,台南學甲地面型太陽光電發電系統工程,109/03/02,417912.65,51769.9,台南市,北門區,麗湖段,406
108,45,禾迅一號股份有限公司,台南學甲地面型太陽光電發電系統工程,109/03/02,417912.65,51769.9,台南市,北門區,麗湖段,407
108,45,禾迅一號股份有限公司,台南學甲地面型太陽光電發電系統工程,109/03/02,417912.65,51769.9,台南市,北門區,麗湖段,408
108,45,禾迅一號股份有限公司,台南學甲地面型太陽光電發電系統工程,109/03/02,417912.65,51769.9,台南市,北門區,麗湖段,411
108,45,禾迅一號股份有限公司,台南學甲地面型太陽光電發電系統工程,109/03/02,417912.65,51769.9,台南市,北門區,麗湖段,412
108,45,禾迅一號股份有限公司,台南學甲地面型太陽光電發電系統工程,109/03/02,417912.65,51769.9,台南市,北門區,麗湖段,413
108,45,禾迅一號股份有限公司,台南學甲地面型太陽光電發電系統工程,109/03/02,417912.65,51769.9,台南市,北門區,麗湖段,219
108,45,禾迅一號股份有限公司,台南學甲地面型太陽光電發電系統工程,109/03/02,417912.65,51769.9,台南市,北門區,麗湖段,222
108,45,禾迅一號股份有限公司,台南學甲地面型太陽光電發電系統工程,109/03/02,417912.65,51769.9,台南市,北門區,麗湖段,224
108,45,禾迅一號股份有限公司,台南學甲地面型太陽光電發電系統工程,109/03/02,417912.65,51769.9,台南市,北門區,麗湖段,228
108,45,禾迅一號股份有限公司,台南學甲地面型太陽光電發電系統工程,109/03/02,417912.65,51769.9,台南市,北門區,麗湖段,243
108,45,禾迅一號股份有限公司,台南學甲地面型太陽光電發電系統工程,109/03/02,417912.65,51769.9,台南市,北門區,麗湖段,243-1
108,45,禾迅一號股份有限公司,台南學甲地面型太陽光電發電系統工程,109/03/02,417912.65,51769.9,台南市,北門區,麗湖段,243-2
108,45,禾迅一號股份有限公司,台南學甲地面型太陽光電發電系統工程,109/03/02,417912.65,51769.9,台南市,北門區,麗湖段,243-3
108,45,禾迅一號股份有限公司,台南學甲地面型太陽光電發電系統工程,109/03/02,417912.65,51769.9,台南市,北門區,麗湖段,244
108,45,禾迅一號股份有限公司,台南學甲地面型太陽光電發電系統工程,109/03/02,417912.65,51769.9,台南市,北門區,麗湖段,247
108,45,禾迅一號股份有限公司,台南學甲地面型太陽光電發電系統工程,109/03/02,417912.65,51769.9,台南市,北門區,麗湖段,247-1
108,45,禾迅一號股份有限公司,台南學甲地面型太陽光電發電系統工程,109/03/02,417912.65,51769.9,台南市,北門區,麗湖段,250
108,45,禾迅一號股份有限公司,台南學甲地面型太陽光電發電系統工程,109/03/02,417912.65,51769.9,台南市,北門區,麗湖段,251-1
108,45,禾迅一號股份有限公司,台南學甲地面型太陽光電發電系統工程,109/03/02,417912.65,51769.9,台南市,北門區,麗湖段,251-2
108,45,禾迅一號股份有限公司,台南學甲地面型太陽光電發電系統工程,109/03/02,417912.65,51769.9,台南市,北門區,麗湖段,252
108,45,禾迅一號股份有限公司,台南學甲地面型太陽光電發電系統工程,109/03/02,417912.65,51769.9,台南市,北門區,麗湖段,270
108,45,禾迅一號股份有限公司,台南學甲地面型太陽光電發電系統工程,109/03/02,417912.65,51769.9,台南市,北門區,麗湖段,275
108,45,禾迅一號股份有限公司,台南學甲地面型太陽光電發電系統工程,109/03/02,417912.65,51769.9,台南市,北門區,麗湖段,276
108,45,禾迅一號股份有限公司,台南學甲地面型太陽光電發電系統工程,109/03/02,417912.65,51769.9,台南市,北門區,麗湖段,121
108,45,禾迅一號股份有限公司,台南學甲地面型太陽光電發電系統工程,109/03/02,417912.65,51769.9,台南市,北門區,麗湖段,121-1
108,45,禾迅一號股份有限公司,台南學甲地面型太陽光電發電系統工程,109/03/02,417912.65,51769.9,台南市,北門區,麗湖段,121-2
108,45,禾迅一號股份有限公司,台南學甲地面型太陽光電發電系統工程,109/03/02,417912.65,51769.9,台南市,北門區,麗湖段,121-3
108,45,禾迅一號股份有限公司,台南學甲地面型太陽光電發電系統工程,109/03/02,417912.65,51769.9,台南市,北門區,麗湖段,137
108,45,禾迅一號股份有限公司,台南學甲地面型太陽光電發電系統工程,109/03/02,417912.65,51769.9,台南市,北門區,麗湖段,139
108,45,禾迅一號股份有限公司,台南學甲地面型太陽光電發電系統工程,109/03/02,417912.65,51769.9,台南市,北門區,麗湖段,140-1
108,45,禾迅一號股份有限公司,台南學甲地面型太陽光電發電系統工程,109/03/02,417912.65,51769.9,台南市,北門區,麗湖段,142
108,45,禾迅一號股份有限公司,台南學甲地面型太陽光電發電系統工程,109/03/02,417912.65,51769.9,台南市,北門區,麗湖段,143
108,45,禾迅一號股份有限公司,台南學甲地面型太陽光電發電系統工程,109/03/02,417912.65,51769.9,台南市,北門區,麗湖段,144
108,45,禾迅一號股份有限公司,台南學甲地面型太陽光電發電系統工程,109/03/02,417912.65,51769.9,台南市,北門區,麗湖段,131
108,45,禾迅一號股份有限公司,台南學甲地面型太陽光電發電系統工程,109/03/02,417912.65,51769.9,台南市,北門區,麗湖段,133
108,45,禾迅一號股份有限公司,台南學甲地面型太陽光電發電系統工程,109/03/02,417912.65,51769.9,台南市,北門區,麗湖段,134
108,45,禾迅一號股份有限公司,台南學甲地面型太陽光電發電系統工程,109/03/02,417912.65,51769.9,台南市,北門區,麗湖段,151
108,45,禾迅一號股份有限公司,台南學甲地面型太陽光電發電系統工程,109/03/02,417912.65,51769.9,台南市,北門區,麗湖段,153
108,45,禾迅一號股份有限公司,台南學甲地面型太陽光電發電系統工程,109/03/02,417912.65,51769.9,台南市,北門區,麗湖段,155
108,45,禾迅一號股份有限公司,台南學甲地面型太陽光電發電系統工程,109/03/02,417912.65,51769.9,台南市,北門區,麗湖段,156
108,45,禾迅一號股份有限公司,台南學甲地面型太陽光電發電系統工程,109/03/02,417912.65,51769.9,台南市,北門區,麗湖段,159
108,45,禾迅一號股份有限公司,台南學甲地面型太陽光電發電系統工程,109/03/02,417912.65,51769.9,台南市,北門區,麗湖段,122
108,45,禾迅一號股份有限公司,台南學甲地面型太陽光電發電系統工程,109/03/02,417912.65,51769.9,台南市,北門區,麗湖段,124
108,45,禾迅一號股份有限公司,台南學甲地面型太陽光電發電系統工程,109/03/02,417912.65,51769.9,台南市,北門區,麗湖段,330
108,45,禾迅一號股份有限公司,台南學甲地面型太陽光電發電系統工程,109/03/02,417912.65,51769.9,台南市,北門區,麗湖段,337
